id,name,model_id:id,group_id:id,perm_read,perm_write,perm_create,perm_unlink
access_school_grade_manager,access_school_grade_manager,model_school_grade,group_school_manager,1,1,1,1
access_school_grade_teacher,access_school_grade_teacher,model_school_grade,group_school_teacher,1,0,0,0
access_school_grade_student,access_school_grade_student,model_school_grade,group_school_student,1,0,0,0
access_school_class_manager,access_school_class_manager,model_school_class,group_school_manager,1,1,1,1
access_school_class_teacher,access_school_class_teacher,model_school_class,group_school_teacher,1,1,0,0
access_school_class_student,access_school_class_student,model_school_class,group_school_student,1,0,0,0
access_school_student_manager,access_school_student_manager,model_school_student,group_school_manager,1,1,1,1
access_school_student_teacher,access_school_student_teacher,model_school_student,group_school_teacher,1,1,1,0
access_school_student_student,access_school_student_student,model_school_student,group_school_student,1,0,0,0
access_school_instructor_manager,access_school_instructor_manager,model_school_instructor,group_school_manager,1,1,1,1
access_school_instructor_teacher,access_school_instructor_teacher,model_school_instructor,group_school_teacher,1,0,0,0
access_school_instructor_student,access_school_instructor_student,model_school_instructor,group_school_student,1,0,0,0
access_exam_exam_manager,access_exam_exam_manager,model_exam_exam,group_school_manager,1,1,1,1
access_exam_exam_teacher,access_exam_exam_teacher,model_exam_exam,group_school_teacher,1,1,1,1
access_exam_exam_student,access_exam_exam_student,model_exam_exam,group_school_student,1,0,0,0
access_exam_question_manager,access_exam_question_manager,model_exam_question,group_school_manager,1,1,1,1
access_exam_question_teacher,access_exam_question_teacher,model_exam_question,group_school_teacher,1,1,1,1
access_exam_question_student,access_exam_question_student,model_exam_question,group_school_student,1,0,0,0
access_exam_session_manager,access_exam_session_manager,model_exam_session,group_school_manager,1,1,1,1
access_exam_session_teacher,access_exam_session_teacher,model_exam_session,group_school_teacher,1,1,1,1
access_exam_session_student,access_exam_session_student,model_exam_session,group_school_student,1,1,1,0
access_exam_answer_manager,access_exam_answer_manager,model_exam_answer,group_school_manager,1,1,1,1
access_exam_answer_teacher,access_exam_answer_teacher,model_exam_answer,group_school_teacher,1,1,1,1
access_exam_answer_student,access_exam_answer_student,model_exam_answer,group_school_student,1,1,1,0
access_ai_analysis_manager,access_ai_analysis_manager,model_ai_analysis,group_school_manager,1,1,1,1
access_ai_analysis_teacher,access_ai_analysis_teacher,model_ai_analysis,group_school_teacher,1,1,1,1
access_ai_analysis_student,access_ai_analysis_student,model_ai_analysis,group_school_student,1,0,0,0
access_exam_assign_wizard_manager,access_exam_assign_wizard_manager,model_exam_assign_wizard,group_school_manager,1,1,1,1
access_exam_assign_wizard_teacher,access_exam_assign_wizard_teacher,model_exam_assign_wizard,group_school_teacher,1,1,1,1